Metric,Value
Mean Accuracy,0.9006500000000001
Variance (ddof=1),5.8347413793103497e-05
Std Dev (ddof=1),0.007638547885109021
CI Lower (95%),0.8979165807442717
CI Upper (95%),0.9033834192557284
Shapiro-Wilk W,0.9756064169067992
Shapiro-Wilk p-value,0.7005970890600323
