Metric,Value
Mean Accuracy,0.9005
Variance (ddof=1),3.986206896551727e-05
Std Dev (ddof=1),0.006313641498019765
CI Lower (95%),0.8982406924059354
CI Upper (95%),0.9027593075940645
Shapiro-Wilk W,0.9597554245576749
Shapiro-Wilk p-value,0.3053435313165992
